"...1","ID","Gender","Age","Placebo1_Med0","Accumbens_neutral_cue_block1","Accumbens_neutral_cue_block2","Accumbens_neutral_cue_block3","Accumbens_neutral_cue_block4","Accumbens_small_cue_block1","Accumbens_small_cue_block2","Accumbens_small_cue_block3","Accumbens_small_cue_block4","Accumbens_medium_cue_block1","Accumbens_medium_cue_block2","Accumbens_medium_cue_block3","Accumbens_medium_cue_block4","Accumbens_large_cue_block1","Accumbens_large_cue_block2","Accumbens_large_cue_block3","Accumbens_large_cue_block4","Accumbens_neutral_FB_block1","Accumbens_neutral_FB_block2","Accumbens_neutral_FB_block3","Accumbens_neutral_FB_block4","Accumbens_small_FB_block1","Accumbens_small_FB_block2","Accumbens_small_FB_block3","Accumbens_small_FB_block4","Accumbens_medium_FB_block1","Accumbens_medium_FB_block2","Accumbens_medium_FB_block3","Accumbens_medium_FB_block4","Accumbens_large_FB_block1","Accumbens_large_FB_block2","Accumbens_large_FB_block3","Accumbens_large_FB_block4","cluster"
1,1,"male",20,0,0.12972732,0.45606132,-2.55305832,-1.78331332,0.97013332,0.69092932,-0.86192832,-2.38849632,0.88436832,1.24813632,-1.38070132,-1.37276232,-0.06297132,-0.18494932,-1.39582932,-1.18746932,2.39798032,-0.43400832,-0.02126332,0.11647532,2.57384432,0.95018132,-1.04612432,-0.24037832,1.38296332,1.39321532,-0.21955932,0.10481132,1.63832732,1.09787632,0.99669532,0.36977032,1
2,2,"female",20,1,0.60037232,-1.94993732,-0.27040532,1.10315432,-0.13071732,-1.98736732,0.31881332,1.28625432,0.55068832,-1.73516632,-0.40730632,1.61526632,-1.47909832,-2.65938832,0.21508632,2.11181532,0.25903132,-0.41715232,1.16361732,0.80733132,1.08259332,-0.89703732,1.21206232,1.01071632,2.16054532,0.58737432,-0.34362632,1.13842432,3.67999232,1.49345332,0.90392232,1.04054032,2
3,3,"male",25,1,0.43053132,0.10313432,-1.68230932,0.22744732,-0.30256132,-0.53309932,-0.37774932,0.88223532,-0.46931332,-0.40330132,0.11918732,0.78882732,0.04907432,-0.42447232,-1.23021332,1.22754732,0.72415132,1.02981432,-0.16448232,0.71955332,1.54693032,0.43300732,0.18730932,0.95906132,1.12157232,0.71667832,-0.30904132,1.08714332,0.97255532,0.97333332,-0.39124332,0.50248832,2
4,4,"male",21,1,-0.32422532,0.42701832,-0.48034432,-1.76153732,-0.06857332,0.67776632,-0.04421232,-1.72275032,0.53412332,0.51285532,-0.70421232,-1.29436532,-1.50619132,-0.96922832,0.41071032,-1.02586332,0.14771132,0.22107732,0.08375632,-1.39128032,-0.65373632,-0.75798732,0.45781432,1.06170032,-0.49744032,1.40455032,0.27006132,-0.75730832,-0.43574532,1.16368532,0.89369732,0.29959432,1
5,5,"female",41,1,-0.95778532,0.26864032,0.61373232,-0.22456632,-0.03378732,-1.15851832,0.27421232,-0.93450932,0.02584932,-0.72690832,0.00404932,0.48339832,-0.98094232,0.23477532,0.04402732,-0.05603332,-0.38439632,-0.01918432,-0.02062832,1.68669332,-0.11877132,1.57052532,0.68355632,1.30464632,0.31555932,1.36637832,-0.61235932,1.96632532,0.35085132,0.89602832,-0.00244132,1.20771432,2
6,6,"male",20,1,-0.17927232,-0.79364032,-0.02645932,-0.13084832,-0.58668232,-1.06166032,0.12445032,0.22150632,-0.96978832,-0.71022632,-0.58026532,-0.72244832,-2.02656732,-0.11778332,0.54061332,-0.45177732,-0.28780732,0.40434932,0.50038132,0.32222732,0.37556932,0.17722932,1.12805532,-0.02110832,-0.51069832,0.08167232,0.24306232,-0.09169232,1.14185632,0.24714232,1.09227432,-0.03624232,2
7,7,"female",25,0,0.74400132,0.35839932,-0.95305232,-0.82754932,0.52617332,1.51567032,-0.67716132,-0.32497632,1.30571332,0.40389332,0.38519532,-0.05438732,-0.12630832,-0.66905832,-1.11614932,-0.74353132,1.22348232,1.16964732,0.43550132,1.47846032,0.38052032,1.77903632,0.64396032,2.03585232,1.63115432,2.63429832,0.81511632,1.58234632,1.16716732,2.90593232,1.14444632,2.45966632,1
8,8,"male",22,1,0.95102832,1.77545032,-1.51146032,-0.50023232,0.61957132,2.36539432,-0.25430032,-1.18649532,1.56304032,1.68431232,-1.37184332,-1.94607832,0.47531132,1.20541832,-0.22364032,-0.80455232,-0.10229032,-0.58074232,-0.63465532,-0.16004532,-0.03738832,0.57492332,0.50505032,0.38300632,1.45626132,0.99952432,0.54828132,-0.36665732,0.31128632,1.52700432,1.03941232,0.74755032,1
9,9,"male",25,1,-0.41482432,0.62553332,0.56565332,-0.53010432,-0.33120132,0.53697432,0.49222132,-0.82747532,0.60214832,0.02423732,0.51158032,0.35112132,-0.26685232,0.33580632,0.83154532,-0.35211232,0.76387732,0.16979432,0.74324232,-0.41643432,0.19701332,0.65184932,1.16298732,-0.10323432,0.52634832,0.03388732,0.34933532,0.55257232,1.21305732,0.77444532,1.12769032,0.20010932,1
10,10,"female",24,1,-0.27773232,-1.02501232,0.71957432,-0.10157832,0.20980432,-0.39691632,0.22533132,-0.45701532,-1.34209532,-0.32498732,0.34098832,-0.67496832,-1.66369232,-0.16791232,-0.02576432,-1.02294332,-0.28096732,0.41059232,-1.08583932,-0.11847632,0.04354932,-0.76495832,0.72469232,-0.47981232,0.52784132,0.48987732,-0.03809832,0.45002332,2.79932532,0.58562432,0.43402132,0.11585732,2
11,11,"female",26,1,-1.06565632,0.45041032,-0.63014332,-1.43078032,-1.37041232,0.29595232,1.57445032,-0.15185132,-1.87141132,-0.23157632,-0.26598132,-1.71399332,0.15771132,0.21264932,-0.55400032,0.14461932,-0.70073532,1.95802432,0.21255832,-0.43372732,-0.31119932,0.16384032,-1.33446132,-1.31150832,-1.63888632,0.07603732,-0.79808632,-0.54409732,-0.36905432,-0.30474932,0.33761532,0.95182032,3
12,12,"female",35,1,-0.65117932,6.42809732,0.34634232,4.07049232,-0.20442332,3.78469932,1.68018932,1.36914632,-1.13715432,1.26714032,5.44895832,7.45650432,-0.32727032,5.69816132,1.91252732,8.63782532,-1.43163232,1.21102132,2.75458732,-1.40852232,-0.56598632,2.14452332,1.54182932,1.53693832,-0.76381232,-1.11729232,1.20226732,5.24599732,-2.59626732,0.63522432,5.93100232,-1.71155032,1
13,13,"male",28,1,0.23938232,0.35464132,0.45370432,-0.39503032,0.31454032,-0.44927532,0.55806732,0.56831832,0.20922832,0.75059332,-0.04205632,0.16207632,-1.60320332,-0.46294632,0.25260332,-0.15248332,0.48743032,-0.17534132,-7.23e-05,-0.36147732,0.41288132,-0.50489532,0.76177832,-0.93947732,1.41773532,-0.83361332,-0.09642432,0.38989932,0.19435532,-0.99593432,-0.09076632,0.28388932,2
14,14,"male",28,1,-0.39304832,0.31782232,0.27545232,-1.11937032,-1.43255532,-0.63426132,1.57014332,-1.14569932,-1.28177032,-1.18750232,-0.17381832,-1.24419732,-0.39178632,0.44794932,-0.47012432,-0.05408332,-1.64284732,0.48251132,1.31809332,2.36198632,0.08550232,0.09363732,1.04497332,2.09649332,0.80005132,-0.33409132,1.27997632,0.94973732,0.11658032,0.46517932,0.30064632,1.77975132,2
15,15,"female",26,1,-0.46259032,-0.35818532,2.73453232,1.55679932,-0.50135832,-0.26797532,1.91326432,0.18961032,-0.33915732,-1.08247332,0.63160532,1.57119332,-0.13701232,-0.59313632,0.66410532,0.88926832,0.70392132,1.20386832,0.71452732,0.92625432,0.64150532,2.49377932,0.97681632,0.80463032,1.59774932,3.05586432,0.40418932,0.60192532,1.49179432,1.29014632,1.47175532,0.51461432,3
16,16,"female",55,1,0.11189632,1.22207132,-0.91661532,0.51339032,-0.09411332,1.47659232,-0.38238932,1.73685832,0.70639532,0.12483432,-1.04277832,-0.00448632,-1.11312032,0.83587432,-1.17024232,-0.37918532,0.37176832,0.31642532,0.12434832,1.05650032,0.11455832,0.91592632,-0.89145332,0.26635232,0.18780832,1.39816332,0.66464032,-0.03573832,0.10738732,0.99342032,-0.24101432,0.74060332,1
17,17,"female",23,0,0.62341332,0.43652432,0.32958332,-1.15281132,0.22861132,-0.80933732,1.04605832,-0.75495832,-0.56348432,0.34103432,-0.17244832,-1.22636832,0.55843732,-0.27052832,1.56593732,-0.35109932,0.32217132,0.44284832,-0.94585832,-1.02701332,0.69232632,0.10907732,0.14414632,-0.99753932,1.03811032,1.13234832,1.22905332,-0.64687532,0.16197832,1.23329532,1.46266132,-1.12197232,2
18,18,"female",24,1,0.88370332,-0.51143132,0.48224632,-0.80618632,0.95937332,0.03301932,-0.73734332,-0.40654032,1.02858132,0.30923232,0.61521732,-0.54605132,2.12935332,-0.85834632,0.75549032,-0.60257732,0.66009132,0.66184832,0.34076832,0.98196532,1.41452132,0.56333332,0.13082832,0.29745132,1.94717832,1.17212132,1.67990432,0.45915232,0.41638332,-0.09986732,-0.14659432,0.69880932,1
19,19,"female",18,1,0.64210532,0.66039332,0.79810532,1.67258232,0.49858232,0.14536732,-1.40949332,2.15857732,-0.13501632,0.90612332,-0.38993032,0.43058932,1.24808032,0.08450332,-0.46045932,1.58847432,0.47735532,1.62317332,0.55332132,1.85565532,0.95056032,1.68550532,-0.33540932,1.10738932,0.48251132,0.63109132,0.95309232,1.67126332,0.71137232,0.37989532,0.58081732,1.62844532,3
20,20,"female",18,1,-1.17454232,-1.44883232,-0.34074432,0.62010732,0.05432032,0.49853432,0.78550932,-0.49153432,-1.66643232,-0.97410232,1.19121732,-1.31967032,-0.73881932,-1.20518632,0.27062332,-0.07783932,0.11167432,0.86972132,-0.99751732,-0.19353032,1.02744632,-0.11807832,-1.46501932,0.46439632,1.15527432,1.47716732,-0.36092432,-0.74445332,0.19336432,1.37422032,-0.42611132,0.02761632,1
21,21,"male",29,0,0.00845732,1.06455532,0.12478932,1.10126932,-0.25568932,0.32637732,0.48465932,-0.49659032,0.35833432,0.62926732,-0.63831832,0.59823632,-0.83225132,0.08375732,0.61901232,0.07701432,0.18287332,-0.11541932,1.02581832,-0.08337432,-0.70945132,0.45496232,0.58065332,0.67975632,-0.74262832,0.04891532,0.72691832,-0.19554732,-0.80127232,-1.05145732,0.41383632,0.79519732,1
22,22,"female",19,1,-0.26931132,-0.10459632,0.73437932,-0.97024632,-0.63064132,-1.27130532,0.25372632,-0.34999432,-0.18354932,-0.55828732,-1.19194232,-0.45725332,-1.09672432,-1.50481132,-0.22108732,-0.90594832,1.00872232,1.88279232,1.45611132,0.52134732,0.55887032,1.38592932,0.46075032,1.02678132,0.74867032,0.67632332,0.08485132,2.27777632,0.30967832,1.06067732,1.07297732,0.81884132,1
23,23,"male",28,0,0.73881532,-0.94638032,-0.52962432,0.04193332,0.44337132,-0.16099632,-0.50883432,-0.30653832,0.05238632,0.01658732,-0.99235332,-0.32353232,0.25913032,-0.11224132,-0.60908632,-0.48105732,0.96528432,0.53069032,0.64711332,-0.52586532,0.66430432,0.13371132,-0.53459532,-0.24769232,0.27453132,0.99828732,0.59484832,0.84551532,1.31677432,1.43513332,-0.05229832,0.20892132,1
24,24,"female",38,1,1.58362632,-0.03254232,-0.44496232,-0.88048832,0.52806632,0.10407732,0.88012932,-1.13411432,0.20270032,0.27419832,0.41427432,-0.88134832,1.11976532,-0.55184732,-0.02940132,-0.36459732,2.50355932,0.32281632,0.52934432,0.10685432,1.12843732,-0.16916832,0.12788232,-1.12353932,2.38611632,1.16087632,0.83418732,-0.32381532,2.26112532,0.99734832,-0.13691132,-0.16354332,1
25,25,"female",22,1,-1.47878332,-0.54033632,0.64958932,1.26298532,-1.22089132,0.64440732,1.97548132,-1.35139632,-0.45735332,-0.14187632,1.61010632,0.00368332,-0.46574932,-0.85581732,0.50964432,0.68486632,0.24738432,0.85954132,1.29118932,-1.43749632,0.53959632,0.35183132,0.10907232,-0.14131232,0.04265332,1.15215332,0.61824832,0.47916232,0.93677832,0.79998632,0.06866732,-1.13798532,1
26,26,"female",26,0,-0.20049732,1.69808932,-2.16961032,-1.21031632,-0.72708732,0.66961332,0.21725832,-1.44754232,-1.92112732,1.15724932,-0.61061432,0.78735532,-0.57236232,0.69032232,-0.39590632,-0.30309332,0.09752332,-1.13058432,-0.65167032,-1.22898032,-0.45177632,1.20707932,0.63918132,3.91301532,0.71466432,-0.57971932,2.65058232,1.99666232,0.27793732,-1.14835132,0.26263332,1.53715932,1
27,27,"male",27,1,0.30865432,-1.16148632,-0.36986432,0.69680832,-0.52212332,-1.22902632,0.39656132,-0.78494032,-0.69150932,-0.96583932,-0.32397532,-0.41383132,0.15527532,-0.52458832,-0.35172932,-0.05927232,0.39458032,0.81660732,0.79708932,-0.12957532,0.16542132,-0.20814032,0.12029132,-0.05799932,1.00636432,0.29309132,-0.83968632,-0.66229032,0.87292632,0.32015632,-0.29767132,-0.26340832,1
28,28,"female",20,1,1.47775032,-0.15473032,-0.95038232,-0.78521832,0.01639832,0.11118032,-1.20943932,-0.23505332,0.77847632,1.11792232,-0.64670232,-1.06508532,0.51047632,1.26317632,-3.38169932,-2.17326032,-0.35090932,1.53231632,-1.90777432,-0.40956332,-0.49384032,1.62207832,1.77212532,0.22426432,0.74473032,2.35431332,0.19074732,0.24680932,-1.36467432,0.17871532,-0.24648632,-2.65697932,3
29,29,"male",19,1,0.85441932,0.76497632,2.85629132,1.88431932,0.42828732,0.25638132,3.14072632,0.60995032,0.83475532,1.72123532,3.04623232,0.02944932,1.26742832,0.41216132,2.41177532,1.00297532,-0.20788532,0.48256532,4.22668032,2.63568732,1.18464732,1.76624832,5.89604232,2.23690632,0.93850332,1.17282232,4.53843432,2.65461032,0.72571232,0.62139332,6.08250932,3.84721132,3
30,30,"male",23,1,-0.04225832,0.65685632,-0.33041032,-1.68548432,-0.03534932,0.54784132,-0.44015432,-1.50193432,1.15133032,1.18137232,-0.44855032,-0.77847432,-0.07642432,0.44219832,0.09288032,-0.10343732,0.05233632,-1.40684132,-0.49768132,-0.17508432,0.80887032,-0.21581932,0.16231032,0.39401232,-0.03168132,0.87688732,-0.13375632,0.69655832,2.34920632,0.85693232,0.80927432,-0.30007332,2
31,31,"male",23,1,0.63022232,0.45321332,-0.08862832,-0.73349632,0.56651232,1.54297432,0.82848632,-2.38913932,-1.45991632,-0.76785832,-0.12005632,-0.47271232,0.42197132,0.41580332,-1.03225632,0.02806132,0.34718932,-0.10113732,-0.42095632,-0.94576432,0.04377232,0.40053732,-0.54033732,0.36569032,1.78030932,-1.88466532,0.15630532,-0.16998532,1.75404132,-1.25718232,-1.06429432,-0.85337732,2
32,32,"female",18,1,-0.55408232,-0.56898732,0.68695232,1.53934732,0.04700332,-1.01331532,1.01783032,-1.57280932,-1.56158632,-0.49454632,1.77330832,-0.72639332,-0.19167832,-1.08631632,0.41187232,0.76963832,-0.88371632,1.63592732,0.07405032,-0.32842532,0.39764432,0.63879032,1.31227232,2.05557432,0.17643432,1.44630332,0.37963132,0.24452732,1.43921132,1.89979632,-0.40771332,0.96775132,1
33,33,"male",20,1,1.14328532,0.57763932,0.25910932,-0.33773932,0.61490332,0.65981232,-0.59313232,-0.45511632,1.34734132,0.36224432,-1.95633532,0.76052532,-0.42728832,0.84306232,-1.59589232,-0.19373432,2.45740932,1.03844032,0.56249132,-0.36704232,1.31839232,0.42121132,-0.11012132,0.65996932,1.74629032,2.11908332,2.04691932,3.92241332,1.55793132,0.53419832,1.52498132,-0.13357632,3
34,34,"male",37,0,0.76572132,-1.30658932,-0.46327532,-0.28098232,0.65678632,-0.04182932,-1.27469532,-1.15648032,0.16147632,1.10373632,-0.84747932,0.00274132,-0.42099232,0.56683732,-1.36230532,0.04676732,1.16443532,-0.43036632,-0.18978532,1.27728432,-0.26626232,-1.34949432,0.15858732,1.22343532,-0.35471032,1.60664032,0.67711632,0.95478232,-0.99294132,1.31239332,0.79736132,1.66204332,3
35,35,"female",25,1,-0.35831732,-0.04601932,-0.56510232,-1.32319032,1.37834632,-0.16850432,-1.79042532,-1.77787632,1.30782132,-0.95782932,-1.63893632,-2.60956232,-0.39514432,-0.98203632,-0.67232232,-0.75992832,-0.30308532,0.33829632,-0.39688532,-0.90020332,0.63371132,-0.47370532,0.68364632,-0.25037832,-1.07820732,0.67241832,0.12042532,-0.01947732,-0.54676332,-0.15540232,0.98666032,-0.62979732,3
36,36,"female",57,1,-0.16624732,-0.33735132,-1.15598532,1.10166632,-0.43940832,-0.13145032,-0.94462932,-0.59224332,-0.38688732,-0.74679032,-0.71817132,-0.49679732,-0.47358932,-0.30362332,-1.27706032,-0.33913932,0.98352932,-0.45572432,-0.09911632,0.80693532,1.70120632,-0.36096132,0.04871332,-0.45794132,0.09270132,1.05424632,0.85649432,0.57699832,2.50944232,1.24909832,-0.52287032,0.12699732,1
37,37,"female",53,1,-0.37267532,-1.42887532,-0.42601432,0.56682532,0.18003332,-1.05062332,0.94826832,-0.00115832,0.41844432,-0.94647332,1.21005632,-0.35402132,-2.15035132,-0.83813032,-0.36789532,-0.15941032,0.92036532,0.48794232,-0.60066132,0.23382732,1.08753032,0.22233532,-0.44153432,0.28950132,0.64283132,0.41375432,-1.39057932,0.09410832,1.30236032,-0.90151432,-0.57681532,-0.22497932,2
38,38,"male",22,0,0.12628132,0.40247432,-0.04374432,0.20577732,-0.22337032,-0.04262432,0.46158532,0.62465832,0.37388432,-0.59021632,0.32632632,0.18086532,0.18566232,-0.60986932,-0.19536332,0.75808032,-1.27620332,0.48054532,1.35902732,1.23104432,-0.26086532,-0.29948432,0.85769232,1.38738732,1.26133032,-1.04179132,0.49844732,0.83303032,0.10826332,1.02245732,1.39463632,0.43091032,2
39,39,"female",25,1,0.08067832,0.86484832,0.00119732,0.98478432,0.39532932,0.55903432,0.19587632,0.45190732,1.09158432,0.80901532,1.13149432,0.45468232,-0.41801832,1.84701132,-0.02518632,-0.25228532,0.17123032,-1.14044632,0.26875232,-0.20675832,-0.35081932,-0.48416732,1.42748232,-0.22408432,0.72431632,-2.54801132,0.69279532,-0.40866132,-0.81038332,-1.53701232,1.40486332,0.58679832,3
40,40,"male",19,1,0.84675732,1.64262432,-2.95137232,-0.57143132,0.67020432,0.09895732,-1.64155132,-1.38822532,0.86243732,0.45332732,-1.64394232,-1.65419032,-1.04052232,1.47289032,-2.63469632,-1.11870632,0.19693932,0.38212832,0.45012732,2.38421432,0.91101232,-0.36643832,1.44952932,1.51542432,0.36563132,0.56798332,1.42258532,1.87894132,2.04542832,0.34286432,1.20383232,2.03059332,2
41,41,"female",22,1,1.18356132,-0.39851832,-2.60089332,-0.34005632,0.17906632,-0.91659332,-1.91819932,-1.02135332,0.97954632,0.28899432,-2.36384932,-0.95319732,-0.26263532,0.25002832,-3.00548732,-0.01007032,2.31225732,1.71767232,-0.63467832,0.74836532,1.31883932,0.92618232,-2.23774932,0.24924532,2.16521132,0.70899032,-2.98317332,0.39032832,2.67085732,1.53416032,-0.55854832,0.21606232,2
42,42,"female",28,1,-0.26071332,-0.87070632,-0.60414432,-1.32871232,-0.03088832,-0.96433632,0.22455532,-1.62322132,-0.02552532,-0.80745432,-0.17975732,-1.26002832,-1.15358432,-1.59273032,0.15035232,-0.80369032,0.34598532,1.09609632,-0.17304232,-1.23445232,0.70671732,0.86774532,-1.83153932,-0.79686932,-0.90068432,1.51465932,1.21076032,-0.43296832,0.20654632,0.52099432,0.89229232,0.69366032,1
43,43,"female",20,1,-0.81957732,-0.31366632,2.21803132,3.09540832,-0.30547832,-1.36547532,2.19574332,0.09652532,-1.60282732,-1.02343032,0.77218232,0.30209632,-1.08323432,-1.61180432,1.50850832,0.70828332,-0.43329032,-0.61057932,0.12259532,0.29120432,0.86342732,0.90031232,0.79552132,-1.58383432,-0.31170032,-0.37585632,0.92261132,0.95825132,2.75789532,1.78375232,-0.78620832,-0.74320732,1
44,44,"male",44,1,-0.97106332,-0.63910732,0.15750932,0.50222032,0.03108532,-0.60277732,0.05311832,1.04711932,0.38852732,-1.43404532,0.35888932,0.53087432,-0.14457432,-0.84673832,0.16656732,0.59572132,-0.73934232,0.29618832,0.20528132,1.12262832,-0.42203332,-0.39327532,0.42299032,3.25771432,-0.88217032,1.03129132,1.34937032,1.04560732,1.08838132,0.40122932,0.95581632,0.70958332,2
45,45,"male",46,1,-0.16460932,0.90182132,-0.25296232,0.61691832,0.27375832,0.18407732,0.43599232,1.16274132,0.46601332,1.05145732,1.27041532,-0.53888732,0.19185232,-0.52364532,0.12276932,-0.08499732,1.29143132,-0.28747332,-0.84734132,0.54364532,0.55507132,0.19309532,-0.56275532,0.54940732,-1.87380832,-0.41283232,-1.09948432,-0.08632832,0.54168432,-0.66155532,0.17026232,0.43902432,1
46,46,"male",44,1,0.21356832,-1.30952232,0.89340332,-0.65990232,-0.40113732,-1.45235132,0.53248032,1.07565332,0.05949732,-0.22766332,-0.38295432,0.35687132,-0.79534932,-1.54882732,0.04882832,-0.47735832,0.21427632,-0.24808932,-0.29411932,0.09636632,-0.03403432,-1.43899032,0.63732332,-0.47396032,-0.30075932,1.16424432,0.36360932,-0.27621132,1.79097132,0.23141932,0.87494632,-0.98595832,2
47,47,"male",33,1,0.21188532,-1.39307832,1.40243832,-0.05077532,-0.34961832,-0.29344632,0.20455732,-0.79105632,0.50861632,-0.77214732,1.10718532,0.23830332,0.53722132,0.64487532,0.81902532,0.22150832,0.80568332,0.34045232,0.18351032,-0.57730932,0.91272232,0.72247932,1.38880232,-0.88765932,-0.28614632,0.43178032,2.25634832,-0.54029032,1.16989432,-0.08700332,1.97452632,0.17046832,3
48,48,"male",31,1,-0.38910032,0.76239832,0.25121732,1.23221232,-0.91247632,1.04011832,0.57186332,1.97208132,-0.23719832,-0.11551032,1.20193232,1.09845432,-0.24432332,-1.28947132,0.65677332,0.93848232,-1.29725332,-2.25093532,0.24778232,1.27007032,-0.04119432,-0.77586532,1.57372732,-1.42830632,0.12149332,2.55154632,0.74167332,1.35863732,0.08761532,-0.99654132,1.75664832,3.20503532,1
49,49,"male",23,1,-2.17068232,-0.57006832,-0.30799132,-0.54042432,-0.54360932,-0.22372932,0.42254632,-0.01962832,-1.17918632,0.61678332,0.49331032,-0.15481832,-1.06152432,1.38472232,-0.04283532,0.43058332,0.08428932,0.22692332,-0.60845832,-0.40021232,-0.81073332,-0.04140132,-0.42322832,-0.82800632,-0.22509532,0.65285932,0.23752332,0.16095832,2.36929332,-0.49674132,2.74774132,1.18818532,3
50,50,"female",34,1,-1.02403432,-0.15458432,-0.14585632,1.31575732,-1.04111832,-0.43723832,-0.33646432,-0.26297232,-1.10075032,-1.76620832,-0.62251632,0.98736132,-1.62734832,-0.61262732,-0.87346332,0.54101432,-0.08686632,0.21142332,-0.66568432,0.79377932,0.72865132,0.60122032,-3.08396132,1.11622732,1.88632832,0.28877232,-0.26556832,2.06116632,1.74628832,0.09057932,-0.40570032,0.92012432,2
51,51,"female",19,1,-0.73847332,0.52056132,0.53693532,-0.18659632,-0.93745332,-0.01061732,-0.48210332,-0.17055732,-0.19438332,-1.05756432,-0.06935132,-1.54533932,-0.99023032,-0.22957332,-0.04638932,-0.53936432,-0.27043532,-0.57558932,0.35136432,-0.56250732,-0.35256932,-0.12433332,0.03662932,0.99035632,-0.87518532,-0.55086332,0.19596132,0.51131932,0.79403332,-1.83272132,-0.06502432,1.44627932,1
52,52,"female",25,1,-1.51306032,-1.48422132,1.14909132,0.67162632,-1.99376332,-0.99351932,2.19535832,-0.02814932,-1.43901632,-0.64742732,1.21635632,1.65227032,-1.46351332,-2.40983032,1.68686832,1.40591732,-0.22589332,0.21236632,2.74681132,1.24029732,-0.89955132,-0.14421232,2.38243932,2.47793632,-0.13059532,0.85741932,2.34924632,1.58350632,0.23016932,0.47845332,2.12904732,1.36139732,1
53,53,"female",31,1,0.53717732,2.48796632,-0.91709232,0.42714632,1.72146432,1.87655932,-0.09194432,1.09315732,0.25193632,2.82151632,-0.48565732,-0.01945532,1.58112732,2.97136732,0.27461732,-0.71151132,0.96996032,4.34473432,-1.07923332,-2.33764232,1.09114332,1.96348232,-1.32338332,-0.94780532,-1.37976432,2.35403032,-0.26608432,-0.82733432,2.76982432,3.38078932,-0.97565032,-1.33018632,1
54,54,"female",27,1,-0.09706432,-0.15321932,0.69026632,2.00330532,-0.61430532,-0.50379632,1.98542732,1.49043732,0.24400732,-1.97497332,1.49634132,1.67789532,-0.66543832,0.76009632,0.08631032,0.99597932,1.68169632,2.31746032,0.40858732,0.18319432,-0.04814932,1.26614532,0.27520132,0.32943532,1.99790232,1.60553032,0.70023732,1.52279132,1.96578232,3.18623732,-0.22663732,-0.06234832,1
55,55,"female",25,1,-1.25662232,-0.55605232,0.30199332,0.46496732,-0.70567532,-1.20319732,0.70726732,1.02960632,-0.35191532,-0.20506532,-0.10291232,0.82929332,-1.61456132,-0.98156132,-0.37441732,0.25246632,0.60990832,1.75666932,0.11358532,0.46022132,0.84756632,1.18409732,-0.61870232,-0.18696332,0.80721032,2.04360432,-0.28590332,-1.38114832,1.04288732,1.35790032,0.51911332,0.40177532,3
56,56,"male",28,1,0.09183032,0.46078232,-0.07944732,-0.21889132,0.41308332,-0.44944732,-0.82115132,0.28490432,-0.11173132,-0.42548332,-0.91794632,0.46332932,0.88691132,-0.06922332,-0.12671432,-0.60665832,1.65264032,0.80244832,0.08154932,1.62334332,1.25249132,1.64306532,1.01825032,2.22569932,0.51986132,1.01826032,1.93157532,1.10518032,1.38709032,0.87130132,1.64562532,1.03943032,3
57,57,"male",24,1,-1.87033232,-1.57286032,-1.28588132,-0.59477032,-1.55348932,-0.47564632,-0.59101732,-0.99550932,-0.31133732,-0.10644032,-0.77175432,-0.44484632,-1.29237432,-1.30537732,-0.98305732,-0.72172532,-0.58755732,-0.77277132,-0.73671532,0.13258132,-0.37419532,0.02731232,-0.01891132,-1.02453432,0.00521832,1.27862232,0.32433032,0.66088932,0.50103632,0.61826332,0.35502532,0.85216332,1
